feature,coefficient
党派_国民民主党,1.1727592540893244
都道府県_東京都(7),0.9964540151520154
争点1位_景気・雇用,0.9481137686979214
職業(分類)_企業経営者・役員,0.9381688436627353
争点3位_治安,0.8928498611276173
争点2位_地方活性化・人口減,0.8482347239103237
争点2位_農林水産業,0.8482006618701889
党派_自由民主党,0.8384167172757472
争点2位_年金・医療・介護,0.717729891000514
都道府県_神奈川県(4),0.7126032989941781
政府規模_2.0,0.6755651193140281
争点3位_外交・安全保障,0.6251982317104714
都道府県_岡山県(1),0.597023777273058
争点1位_年金・医療・介護,0.5683061774590188
都道府県_愛知県(4),0.5280001729262604
争点3位_子育て支援,0.5143989971848262
争点2位_子育て支援,0.47351450647600357
党派_日本維新の会,0.47130472412061564
地方議会経験フラグ_0.0,0.47019038795270923
都道府県_京都府(2),0.45437684945152435
争点1位_財政,0.4533878160445473
職業(分類)_教育・研究,0.4517910218414163
争点3位_農林水産業,0.39350966301968127
都道府県_青森県(1),0.3754959063175531
党派_参政党,0.3672803447867287
秘書経験フラグ_1.0,0.3330412942647082
都道府県_和歌山県(1),0.3200491927963053
都道府県_茨城県(2),0.317824748947644
党派_立憲民主党,0.3140688441285802
職業(分類)_建設・施工業,0.3025044502484625
争点2位_教育,0.3011881466107492
都道府県_広島県(2),0.2992486797016865
争点3位_その他,0.28961492212868356
職業(分類)_政治家・政党関係,0.2789652201907221
性別_1,0.27044293366025135
都道府県_鳥取・島根県(1),0.2603154274707035
都道府県_大阪府(4),0.2572008529105887
都道府県_三重県(1),0.2549702967419355
都道府県_香川県(1),0.25184327253708777
職業(分類)_会社員・社員,0.20121195326746016
政府規模_1.0,0.18983627252367039
都道府県_福岡県(3),0.18943047520723666
職業(分類)_ITエンジニア,0.18576251931491158
都道府県_富山県(1),0.1732250927260712
都道府県_埼玉県(4),0.1637968598108065
争点3位_政治とカネ,0.16325899262900792
出生地外立候補フラグ_0.0,0.16072162557985323
争点3位_地方活性化・人口減,0.15838030432290817
争点3位_教育,0.1467867085235159
争点1位_消費税,0.10740093264230798
出生地外立候補フラグ_1.0,0.08987036761705029
争点1位_地方活性化・人口減,0.06624888630839187
都道府県_千葉県(3),0.04905825126887232
都道府県_岐阜県(1),0.004967052258084861
党派_自分のことしか考えていない党,-0.0012732838775048499
職業(分類)_芸術・エンタメ・スポーツ,-0.0027220714383494704
党派_新党くにもり,-0.0053431923764322336
職業(分類)_小売業,-0.0053431923764322336
党派_救世主作る党,-0.005376375421838895
都道府県_鹿児島県(1),-0.010625275737814383
年齢,-0.014474501978112219
党派_核融合党,-0.015575373572750625
党派_減税日本,-0.016516853761406054
争点1位_性的少数者に関する政策,-0.022891779676608263
争点1位_働き方,-0.029287245499939864
職業(分類)_主婦,-0.03064806411549392
党派_日本の家庭を守る会,-0.032853295242201756
参議院当選回数,-0.033050161158836376
都道府県_長野県(1),-0.03535835825291537
党派_新党やまと,-0.03839655973600476
争点1位_情報公開,-0.03943949585097762
党派_再生の道,-0.04140685593132429
職業(分類)_その他,-0.0500376169459479
党派_みんなでつくる党,-0.05156516523313681
党派_日本保守党,-0.055740037057845686
争点1位_治安,-0.055986236986682765
争点1位_エネルギー・環境,-0.05776143160556617
都道府県_栃木県(1),-0.060837711690183156
都道府県_石川県(1),-0.06522544446412129
争点1位_外交・安全保障,-0.06636531279565898
争点3位_選択的夫婦別姓,-0.06689612973817428
争点3位_エネルギー・環境,-0.06741383964898576
都道府県_宮崎県(1),-0.06859494312456983
地方議会経験フラグ_nan,-0.0706703267524977
党派_無所属,-0.07067578897345318
争点2位_政治とカネ,-0.07239773219949149
争点2位_憲法,-0.07279467577501895
職業(分類)_美容業,-0.07932599422420673
争点2位_働き方,-0.08108846849010798
争点1位_nan,-0.08410098049344698
争点3位_憲法,-0.0842508527240733
都道府県_徳島・高知県(1),-0.0847254378179229
都道府県_山口県(1),-0.08601156091282403
職業(分類)_農林業,-0.08603248703726801
都道府県_岩手県(1),-0.08623178590422129
政府規模_3.0,-0.08852129162716507
職業(分類)_金融業,-0.0913661024034478
争点2位_nan,-0.09199985720869575
争点2位_選択的夫婦別姓,-0.09226203359092801
争点3位_働き方,-0.09440164086634117
党派_無所属連合,-0.10144950537544425
争点2位_消費税,-0.10469030524103307
争点3位_財政,-0.10541060993805342
争点3位_情報公開,-0.11396740597002192
争点2位_エネルギー・環境,-0.11519055141044662
党派_世界平和党,-0.1247462938507231
党派_社会民主党,-0.13275106975525658
秘書経験フラグ_nan,-0.14598884254124853
政府規模_5.0,-0.1481785592884414
争点1位_政治とカネ,-0.15401883848960024
政府規模_nan,-0.1558071515734111
争点3位_選挙制度,-0.15626744366500386
都道府県_山梨県(1),-0.1655851610399379
秘書経験フラグ_0.0,-0.18644799761966452
都道府県_静岡県(2),-0.20022880671386434
職業(分類)_マスコミュニケーション,-0.20171496080896076
職業(分類)_清掃業,-0.20577986115761862
都道府県_長崎県(1),-0.2073965419281507
党派_れいわ新選組,-0.21591340038105258
争点2位_景気・雇用,-0.2199823072516733
争点2位_情報公開,-0.22333774525142833
都道府県_群馬県(1),-0.2254289875166731
争点1位_憲法,-0.22644693398257548
党派_日本改革党,-0.22710522288116128
争点1位_農林水産業,-0.230101252986614
都道府県_山形県(1),-0.23993680910259432
衆議院当選回数,-0.24133456671399253
都道府県_熊本県(1),-0.24469685969762114
出生地外立候補フラグ_nan,-0.24998753909311786
党派_日本誠真会,-0.2585993105432222
争点2位_治安,-0.2591508073877682
争点2位_防災・復興,-0.26737097873135324
性別_0,-0.269838479556459
職業(分類)_法律・士業,-0.27074797119134525
衆参すべての当選回数,-0.2743847278728398
争点1位_その他,-0.2796003005246684
都道府県_宮城県(1),-0.3016428371934373
都道府県_福井県(1),-0.31179233367794557
争点3位_消費税,-0.3132295412481224
争点3位_防災・復興,-0.3139676858550453
争点1位_教育,-0.31812467492176666
都道府県_新潟県(1),-0.32271671607921754
都道府県_愛媛県(1),-0.329671349900075
都道府県_佐賀県(1),-0.3393980018016184
都道府県_福島県(1),-0.38336631362005846
争点3位_nan,-0.39613219454444093
地方議会経験フラグ_1.0,-0.3989156070964321
職業(分類)_自営業,-0.39967364454183696
都道府県_沖縄県(1),-0.4228000019303628
争点2位_外交・安全保障,-0.43278550700912005
都道府県_兵庫県(3),-0.4521926398446692
職業(分類)_無職,-0.4570517498466458
都道府県_奈良県(1),-0.45775532669776825
争点2位_その他,-0.4646989707294284
政府規模_4.0,-0.4722899352449228
職業(分類)_医療・福祉,-0.4773558383343762
都道府県_滋賀県(1),-0.5081264909465806
党派_日本共産党,-0.5301925557405821
争点1位_子育て支援,-0.5787286432342785
都道府県_北海道(3),-0.5949340727926407
党派_ＮＨＫ党,-0.6180622701633983
党派_チームみらい,-0.6196830204224423
争点3位_景気・雇用,-0.6384708062016907
争点2位_財政,-0.6905135354875162
争点3位_年金・医療・介護,-0.8329850761429278
